{
  "project_info": {
    "project_number": "298582108150",
    "firebase_url": "https://christian-wallpapers-kannada.firebaseio.com",
    "project_id": "christian-wallpapers-kannada",
    "storage_bucket": "christian-wallpapers-kannada.appspot.com"
  },
  "client": [
    {
      "client_info": {
        "mobilesdk_app_id": "1:298582108150:android:e7564891bb302acf",
        "android_client_info": {
          "package_name": "com.kannadachristianwallpapers.app"
        }
      },
      "oauth_client": [
        {
          "client_id": "298582108150-lasfrs9ru3gf31ejooovtumgmim4fnth.apps.googleusercontent.com",
          "client_type": 3
        }
      ],
      "api_key": [
        {
          "current_key": "AIzaSyDS4m93Zt09nBGVrONUkudpPbRX3TXcaTo"
        }
      ],
      "services": {
        "analytics_service": {
          "status": 1
        },
        "appinvite_service": {
          "status": 1,
          "other_platform_oauth_client": []
        },
        "ads_service": {
          "status": 2
        }
      }
    }
  ],
  "configuration_version": "1"
}